key,0,1
#,GuideTitle,GuidePage
int32,GuideTitle,GuidePage
0,"","GuidePage#0"
1,"职业量谱说明","GuidePage#1"
2,"职业量谱说明","GuidePage#2"
3,"职业量谱说明","GuidePage#3"
4,"职业量谱说明","GuidePage#4"
5,"职业量谱说明","GuidePage#5"
6,"职业量谱说明","GuidePage#6"
7,"职业量谱说明","GuidePage#7"
8,"职业量谱说明","GuidePage#8"
9,"职业量谱说明","GuidePage#9"
10,"职业量谱说明","GuidePage#10"
11,"职业量谱说明","GuidePage#11"
12,"职业量谱说明","GuidePage#12"
13,"职业量谱说明","GuidePage#13"
14,"职业量谱说明","GuidePage#14"
15,"职业量谱说明","GuidePage#24"
16,"职业量谱说明","GuidePage#25"
17,"职业量谱说明","GuidePage#49"
18,"职业量谱说明","GuidePage#26"
19,"职业量谱说明","GuidePage#27"
20,"职业量谱说明","GuidePage#28"
21,"职业量谱说明","GuidePage#29"
22,"职业量谱说明","GuidePage#56"
23,"职业量谱说明","GuidePage#30"
24,"职业量谱说明","GuidePage#31"
25,"职业量谱说明","GuidePage#41"
26,"职业量谱说明","GuidePage#42"
27,"职业量谱说明","GuidePage#43"
28,"职业量谱说明","GuidePage#44"
29,"职业量谱说明","GuidePage#45"
30,"职业量谱说明","GuidePage#65"
31,"职业量谱说明","GuidePage#46"
32,"职业量谱说明","GuidePage#47"
33,"职业量谱说明","GuidePage#58"
34,"职业量谱说明","GuidePage#59"
35,"职业量谱说明","GuidePage#60"
36,"职业量谱说明","GuidePage#61"
37,"职业量谱说明","GuidePage#62"
38,"职业量谱说明","GuidePage#63"
39,"职业量谱说明","GuidePage#64"
40,"职业量谱说明","GuidePage#15"
41,"职业量谱说明","GuidePage#16"
42,"职业量谱说明","GuidePage#50"
43,"职业量谱说明","GuidePage#19"
44,"职业量谱说明","GuidePage#18"
45,"职业量谱说明","GuidePage#51"
46,"职业量谱说明","GuidePage#52"
47,"职业量谱说明","GuidePage#20"
48,"职业量谱说明","GuidePage#21"
49,"职业量谱说明","GuidePage#53"
50,"职业量谱说明","GuidePage#22"
51,"职业量谱说明","GuidePage#23"
52,"职业量谱说明","GuidePage#32"
53,"职业量谱说明","GuidePage#33"
54,"职业量谱说明","GuidePage#34"
55,"职业量谱说明","GuidePage#35"
56,"职业量谱说明","GuidePage#36"
57,"职业量谱说明","GuidePage#57"
58,"职业量谱说明","GuidePage#66"
59,"职业量谱说明","GuidePage#67"
60,"职业量谱说明","GuidePage#54"
61,"职业量谱说明","GuidePage#55"
62,"职业量谱说明","GuidePage#37"
63,"职业量谱说明","GuidePage#38"
64,"职业量谱说明","GuidePage#39"
65,"职业量谱说明","GuidePage#40"
66,"职业量谱说明","GuidePage#68"
67,"职业量谱说明","GuidePage#69"
68,"职业量谱说明","GuidePage#70"
69,"职业量谱说明","GuidePage#71"
70,"职业量谱说明","GuidePage#72"
71,"职业量谱说明","GuidePage#73"
72,"职业量谱说明","GuidePage#80"
73,"职业量谱说明","GuidePage#81"
74,"职业量谱说明","GuidePage#82"
75,"职业量谱说明","GuidePage#83"
76,"职业量谱说明","GuidePage#84"
77,"职业量谱说明","GuidePage#85"
78,"职业量谱说明","GuidePage#86"
79,"职业量谱说明","GuidePage#87"
